v1,v2
spam,Free entry in 2 a wkly comp to win FA Cup final tkts 21st May 2005. Text FA to 87121 to receive entry question(std txt rate)T&C's apply 08452810075over18's
spam,"FreeMsg Hey there darling it's been 3 week's now and no word back! I'd like some fun you up for it still? Tb ok! XxX std chgs to send, ĺŁ1.50 to rcv"
spam,WINNER!! As a valued network customer you have been selected to receivea ĺŁ900 prize reward! To claim call 09061701461. Claim code KL341. Valid 12 hours only.
spam,Had your mobile 11 months or more? U R entitled to Update to the latest colour mobiles with camera for Free! Call The Mobile Update Co FREE on 08002986030
spam,"SIX chances to win CASH! From 100 to 20,000 pounds txt> CSH11 and send to 87575. Cost 150p/day, 6days, 16+ TsandCs apply Reply HL 4 info"
spam,"URGENT! You have won a 1 week FREE membership in our ĺŁ100,000 Prize Jackpot! Txt the word: CLAIM to No: 81010 T&C www.dbuk.net LCCLTD POBOX 4403LDNW1A7RW18"
spam,"XXXMobileMovieClub: To use your credit, click the WAP link in the next txt message or click here>> http://wap. xxxmobilemovieclub.com?n=QJKGIGHJJGCBL"
spam,"England v Macedonia - dont miss the goals/team news. Txt ur national team to 87077 eg ENGLAND to 87077 Try:WALES, SCOTLAND 4txt/ĚĽ1.20 POBOXox36504W45WQ 16+"
spam,Thanks for your subscription to Ringtone UK your mobile will be charged ĺŁ5/month Please confirm by replying YES or NO. If you reply NO you will not be charged
spam,07732584351 - Rodger Burns - MSG = We tried to call you re your reply to our sms for a free nokia mobile + free camcorder. Please call now 08000930705 for delivery tomorrow
spam,SMS. ac Sptv: The New Jersey Devils and the Detroit Red Wings play Ice Hockey. Correct or Incorrect? End? Reply END SPTV
spam,"Congrats! 1 year special cinema pass for 2 is yours. call 09061209465 now! C Suprman V, Matrix3, StarWars3, etc all 4 FREE! bx420-ip4-5we. 150pm. Dont miss out! "
spam,"As a valued customer, I am pleased to advise you that following recent review of your Mob No. you are awarded with a ĺŁ1500 Bonus Prize, call 09066364589"
spam,"Urgent UR awarded a complimentary trip to EuroDisinc Trav, Aco&Entry41 Or ĺŁ1000. To claim txt DIS to 87121 18+6*ĺŁ1.50(moreFrmMob. ShrAcomOrSglSuplt)10, LS1 3AJ"
spam,"Did you hear about the new \Divorce Barbie\""? It comes with all of Ken's stuff!"""
spam,Please call our customer service representative on 0800 169 6031 between 10am-9pm as you have WON a guaranteed ĺŁ1000 cash or ĺŁ5000 prize!
spam,"Your free ringtone is waiting to be collected. Simply text the password \MIX\"" to 85069 to verify. Get Usher and Britney. FML"
spam,GENT! We are trying to contact you. Last weekends draw shows that you won a ĺŁ1000 prize GUARANTEED. Call 09064012160. Claim Code K52. Valid 12hrs only. 150ppm
spam,You are a winner U have been specially selected 2 receive ĺŁ1000 or a 4* holiday (flights inc) speak to a live operator 2 claim 0871277810910p/min (18+) 
spam,PRIVATE! Your 2004 Account Statement for 07742676969 shows 786 unredeemed Bonus Points. To claim call 08719180248 Identifier Code: 45239 Expires
spam,"URGENT! Your Mobile No. was awarded ĺŁ2000 Bonus Caller Prize on 5/9/03 This is our final try to contact U! Call from Landline 09064019788 BOX42WR29C, 150PPM"
spam,Todays Voda numbers ending 7548 are selected to receive a $350 award. If you have a match please call 08712300220 quoting claim code 4041 standard rates app
spam,Sunshine Quiz Wkly Q! Win a top Sony DVD player if u know which country the Algarve is in? Txt ansr to 82277. ĺŁ1.50 SP:Tyrone
spam,Want 2 get laid tonight? Want real Dogging locations sent direct 2 ur mob? Join the UK's largest Dogging Network bt Txting GRAVEL to 69888! Nt. ec2a. 31p.msg@150p
spam,You'll not rcv any more msgs from the chat svc. For FREE Hardcore services text GO to: 69988 If u get nothing u must Age Verify with yr network & try again
spam,"FreeMsg Why haven't you replied to my text? I'm Randy, sexy, female and live local. Luv to hear from u. Netcollex Ltd 08700621170150p per msg reply Stop to end"
spam,Customer service annoncement. You have a New Years delivery waiting for you. Please call 07046744435 now to arrange delivery
spam,You are a winner U have been specially selected 2 receive ĺŁ1000 cash or a 4* holiday (flights inc) speak to a live operator 2 claim 0871277810810
spam,-PLS STOP bootydelious (32/F) is inviting you to be her friend. Reply YES-434 or NO-434 See her: www.SMS.ac/u/bootydelious STOP? Send STOP FRND to 62468
spam,"BangBabes Ur order is on the way. U SHOULD receive a Service Msg 2 download UR content. If U do not, GoTo wap. bangb. tv on UR mobile internet/service menu"
spam,URGENT! We are trying to contact you. Last weekends draw shows that you have won a ĺŁ900 prize GUARANTEED. Call 09061701939. Claim code S89. Valid 12hrs only
spam,Please call our customer service representative on FREEPHONE 0808 145 4742 between 9am-11pm as you have WON a guaranteed ĺŁ1000 cash or ĺŁ5000 prize!
spam,Are you unique enough? Find out from 30th August. www.areyouunique.co.uk
spam,"500 New Mobiles from 2004, MUST GO! Txt: NOKIA to No: 89545 & collect yours today!From ONLY ĺŁ1 www.4-tc.biz 2optout 087187262701.50gbp/mtmsg18"
spam,"Will u meet ur dream partner soon? Is ur career off 2 a flyng start? 2 find out free, txt HORO followed by ur star sign, e. g. HORO ARIES"
spam,Text & meet someone sexy today. U can find a date or even flirt its up to U. Join 4 just 10p. REPLY with NAME & AGE eg Sam 25. 18 -msg recd@thirtyeight pence
spam,U 447801259231 have a secret admirer who is looking 2 make contact with U-find out who they R*reveal who thinks UR so special-call on 09058094597
spam,Congratulations ur awarded 500 of CD vouchers or 125gift guaranteed & Free entry 2 100 wkly draw txt MUSIC to 87066 TnCs www.Ldew.com1win150ppmx3age16
spam,We tried to contact you re your reply to our offer of a Video Handset? 750 anytime networks mins? UNLIMITED TEXT? Camcorder? Reply or call 08000930705 NOW
spam,Hey I am really horny want to chat or see me naked text hot to 69698 text charged at 150pm to unsubscribe text stop 69698
spam,Ur ringtone service has changed! 25 Free credits! Go to club4mobiles.com to choose content now! Stop? txt CLUB STOP to 87070. 150p/wk Club4 PO Box1146 MK45 2WT
spam,Ringtone Club: Get the UK singles chart on your mobile each week and choose any top quality ringtone! This message is free of charge.
spam,HMV BONUS SPECIAL 500 pounds of genuine HMV vouchers to be won. Just answer 4 easy questions. Play Now! Send HMV to 86688 More info:www.100percent-real.com
spam,T-Mobile customer you may now claim your FREE CAMERA PHONE upgrade & a pay & go sim card for your loyalty. Call on 0845 021 3680.Offer ends 28thFeb.T&C's apply
spam,"SMS. ac Blind Date 4U!: Rodds1 is 21/m from Aberdeen, United Kingdom. Check Him out http://img. sms. ac/W/icmb3cktz8r7!-4 no Blind Dates send HIDE"
spam,"TheMob> Check out our newest selection of content, Games, Tones, Gossip, babes and sport, Keep your mobile fit and funky text WAP to 82468"
spam,"Think ur smart ? Win ĺŁ200 this week in our weekly quiz, text PLAY to 85222 now!T&Cs WinnersClub PO BOX 84, M26 3UZ. 16+. GBP1.50/week"
spam,December only! Had your mobile 11mths+? You are entitled to update to the latest colour camera mobile for Free! Call The Mobile Update Co FREE on 08002986906
spam,Call Germany for only 1 pence per minute! Call from a fixed line via access number 0844 861 85 85. No prepayment. Direct access!
spam,Valentines Day Special! Win over ĺŁ1000 in our quiz and take your partner on the trip of a lifetime! Send GO to 83600 now. 150p/msg rcvd. CustCare:08718720201.
spam,Fancy a shag? I do.Interested? sextextuk.com txt XXUK SUZY to 69876. Txts cost 1.50 per msg. TnCs on website. X
spam,Congratulations ur awarded 500 of CD vouchers or 125gift guaranteed & Free entry 2 100 wkly draw txt MUSIC to 87066 TnCs www.Ldew.com1win150ppmx3age16
spam,Ur cash-balance is currently 500 pounds - to maximize ur cash-in now send CASH to 86688 only 150p/msg. CC: 08708800282 HG/Suite342/2Lands Row/W1J6HL
spam,"Update_Now - Xmas Offer! Latest Motorola, SonyEricsson & Nokia & FREE Bluetooth! Double Mins & 1000 Txt on Orange. Call MobileUpd8 on 08000839402 or call2optout/F4Q="
spam,Here is your discount code RP176781. To stop further messages reply stop. www.regalportfolio.co.uk. Customer Services 08717205546
spam,"Thanks for your Ringtone Order, Reference T91. You will be charged GBP 4 per week. You can unsubscribe at anytime by calling customer services on 09057039994"
spam,"Double mins and txts 4 6months FREE Bluetooth on Orange. Available on Sony, Nokia Motorola phones. Call MobileUpd8 on 08000839402 or call2optout/N9DX"
spam,4mths half price Orange line rental & latest camera phones 4 FREE. Had your phone 11mths ? Call MobilesDirect free on 08000938767 to update now! or2stoptxt
spam,"FREE RINGTONE text FIRST to 87131 for a poly or text GET to 87131 for a true tone! Help? 0845 2814032 16 after 1st free, tones are 3xĺŁ150pw to eĺŁnd txt stop"
spam,100 dating service cal;l 09064012103 box334sk38ch
spam,FREE entry into our ĺŁ250 weekly competition just text the word WIN to 80086 NOW. 18 T&C www.txttowin.co.uk
spam,Send a logo 2 ur lover - 2 names joined by a heart. Txt LOVE NAME1 NAME2 MOBNO eg LOVE ADAM EVE 07123456789 to 87077 Yahoo! POBox36504W45WQ TxtNO 4 no ads 150p
spam,Someone has contacted our dating service and entered your phone because they fancy you! To find out who it is call from a landline 09111032124 . PoBox12n146tf150p
spam,URGENT! Your Mobile number has been awarded with a ĺŁ2000 prize GUARANTEED. Call 09058094455 from land line. Claim 3030. Valid 12hrs only
spam,Congrats! Nokia 3650 video camera phone is your Call 09066382422 Calls cost 150ppm Ave call 3mins vary from mobiles 16+ Close 300603 post BCM4284 Ldn WC1N3XX
spam,"Loan for any purpose ĺŁ500 - ĺŁ75,000. Homeowners + Tenants welcome. Have you been previously refused? We can still help. Call Free 0800 1956669 or text back 'help'"
spam,"UpgrdCentre Orange customer, you may now claim your FREE CAMERA PHONE upgrade for your loyalty. Call now on 0207 153 9153. Offer ends 26th July. T&C's apply. Opt-out available"
spam,okmail: Dear Dave this is your final notice to collect your 4* Tenerife Holiday or #5000 CASH award! Call 09061743806 from landline. TCs SAE Box326 CW25WX 150ppm
spam,Want 2 get laid tonight? Want real Dogging locations sent direct 2 ur Mob? Join the UK's largest Dogging Network by txting MOAN to 69888Nyt. ec2a. 31p.msg@150p
spam,"FREE MESSAGE Activate your 500 FREE Text Messages by replying to this message with the word FREE For terms & conditions, visit www.07781482378.com"
spam,"Congrats! 1 year special cinema pass for 2 is yours. call 09061209465 now! C Suprman V, Matrix3, StarWars3, etc all 4 FREE! bx420-ip4-5we. 150pm. Dont miss out!"
spam,+123 Congratulations - in this week's competition draw u have won the ĺŁ1450 prize to claim just call 09050002311 b4280703. T&Cs/stop SMS 08718727868. Over 18 only 150ppm
spam,"You are guaranteed the latest Nokia Phone, a 40GB iPod MP3 player or a ĺŁ500 prize! Txt word: COLLECT to No: 83355! IBHltd LdnW15H 150p/Mtmsgrcvd18+"
spam,Boltblue tones for 150p Reply POLY# or MONO# eg POLY3 1. Cha Cha Slide 2. Yeah 3. Slow Jamz 6. Toxic 8. Come With Me or STOP 4 more tones txt MORE
spam,Your credits have been topped up for http://www.bubbletext.com Your renewal Pin is tgxxrz
spam,"URGENT!: Your Mobile No. was awarded a ĺŁ2,000 Bonus Caller Prize on 02/09/03! This is our 2nd attempt to contact YOU! Call 0871-872-9755 BOX95QU"
spam,"Today's Offer! Claim ur ĺŁ150 worth of discount vouchers! Text YES to 85023 now! SavaMob, member offers mobile! T Cs 08717898035. ĺŁ3.00 Sub. 16 . Unsub reply X"
spam,You will recieve your tone within the next 24hrs. For Terms and conditions please see Channel U Teletext Pg 750
spam,PRIVATE! Your 2003 Account Statement for 07815296484 shows 800 un-redeemed S.I.M. points. Call 08718738001 Identifier Code 41782 Expires 18/11/04 
spam,from www.Applausestore.com MonthlySubscription@50p/msg max6/month T&CsC web age16 2stop txt stop
spam,GENT! We are trying to contact you. Last weekends draw shows that you won a ĺŁ1000 prize GUARANTEED. Call 09064012160. Claim Code K52. Valid 12hrs only. 150ppm 
spam,"You have won ?1,000 cash or a ?2,000 prize! To claim, call09050000327"
spam,"our mobile number has won ĺŁ5000, to claim calls us back or ring the claims hot line on 09050005321."
spam,We tried to contact you re your reply to our offer of 750 mins 150 textand a new video phone call 08002988890 now or reply for free delivery tomorrow
spam,"For ur chance to win a ĺŁ250 wkly shopping spree TXT: SHOP to 80878. T's&C's www.txt-2-shop.com custcare 08715705022, 1x150p/wk"
spam,You have been specially selected to receive a 2000 pound award! Call 08712402050 BEFORE the lines close. Cost 10ppm. 16+. T&Cs apply. AG Promo
spam,PRIVATE! Your 2003 Account Statement for 07753741225 shows 800 un-redeemed S. I. M. points. Call 08715203677 Identifier Code: 42478 Expires 24/10/04
spam,You have an important customer service announcement. Call FREEPHONE 0800 542 0825 now!
spam,XCLUSIVE@CLUBSAISAI 2MOROW 28/5 SOIREE SPECIALE ZOUK WITH NICHOLS FROM PARIS.FREE ROSES 2 ALL LADIES !!! info: 07946746291/07880867867 
spam,22 days to kick off! For Euro2004 U will be kept up to date with the latest news and results daily. To be removed send GET TXT STOP to 83222
spam,New TEXTBUDDY Chat 2 horny guys in ur area 4 just 25p Free 2 receive Search postcode or at gaytextbuddy.com. TXT ONE name to 89693
spam,Todays Vodafone numbers ending with 4882 are selected to a receive a ĺŁ350 award. If your number matches call 09064019014 to receive your ĺŁ350 award.
spam,"Dear Voucher Holder, 2 claim this weeks offer, at your PC go to http://www.e-tlp.co.uk/expressoffer Ts&Cs apply.2 stop texts txt STOP to 80062."
spam,PRIVATE! Your 2003 Account Statement for shows 800 un-redeemed S. I. M. points. Call 08715203694 Identifier Code: 40533 Expires 31/10/04
spam,"You have won ?1,000 cash or a ?2,000 prize! To claim, call09050000327. T&C: RSTM, SW7 3SS. 150ppm"
spam,88800 and 89034 are premium phone services call 08718711108
spam,SMS. ac sun0819 posts HELLO:\You seem cool
spam,Get ur 1st RINGTONE FREE NOW! Reply to this msg with TONE. Gr8 TOP 20 tones to your phone every week just ĺŁ1.50 per wk 2 opt out send STOP 08452810071 16
spam,Hi I'm sue. I am 20 years old and work as a lapdancer. I love sex. Text me live - I'm i my bedroom now. text SUE to 89555. By TextOperator G2 1DA 150ppmsg 18+
spam,<Forwarded from 448712404000>Please CALL 08712404000 immediately as there is an urgent message waiting for you.
spam,"To review and KEEP the fantastic Nokia N-Gage game deck with Club Nokia, go 2 www.cnupdates.com/newsletter. unsubscribe from alerts reply with the word OUT"
spam,4mths half price Orange line rental & latest camera phones 4 FREE. Had your phone 11mths+? Call MobilesDirect free on 08000938767 to update now! or2stoptxt T&Cs
spam,08714712388 between 10am-7pm Cost 10p
spam,+449071512431 URGENT! This is the 2nd attempt to contact U!U have WON ĺŁ1250 CALL 09071512433 b4 050703 T&CsBCM4235WC1N3XX. callcost 150ppm mobilesvary. maxĺŁ7. 50
spam,You have WON a guaranteed ĺŁ1000 cash or a ĺŁ2000 prize. To claim yr prize call our customer service representative on 08714712394 between 10am-7pm
spam,Email AlertFrom: Jeri StewartSize: 2KBSubject: Low-cost prescripiton drvgsTo listen to email call 123
spam,Hi. Customer Loyalty Offer:The NEW Nokia6650 Mobile from ONLY ĺŁ10 at TXTAUCTION! Txt word: START to No: 81151 & get yours Now! 4T&Ctxt TC 150p/MTmsg
spam,U are subscribed to the best Mobile Content Service in the UK for ĺŁ3 per 10 days until you send STOP to 82324. Helpline 08706091795
spam,"Do you realize that in about 40 years, we'll have thousands of old ladies running around with tattoos?"
spam,You have an important customer service announcement from PREMIER.
spam,"Romantic Paris. 2 nights, 2 flights from ĺŁ79 Book now 4 next year. Call 08704439680Ts&Cs apply."
spam,Urgent Ur ĺŁ500 guaranteed award is still unclaimed! Call 09066368327 NOW closingdate04/09/02 claimcode M39M51 ĺŁ1.50pmmorefrommobile2Bremoved-MobyPOBox734LS27YF
spam,UR awarded a City Break and could WIN a ĺŁ200 Summer Shopping spree every WK. Txt STORE to 88039 . SkilGme. TsCs087147403231Winawk!Age16 ĺŁ1.50perWKsub
spam,You have an important customer service announcement from PREMIER. Call FREEPHONE 0800 542 0578 now!
spam,Ever thought about living a good life with a perfect partner? Just txt back NAME and AGE to join the mobile community. (100p/SMS)
spam,"5 Free Top Polyphonic Tones call 087018728737, National Rate. Get a toppoly tune sent every week, just text SUBPOLY to 81618, ĺŁ3 per pole. UnSub 08718727870."
spam,"Orange customer, you may now claim your FREE CAMERA PHONE upgrade for your loyalty. Call now on 0207 153 9996. Offer ends 14thMarch. T&C's apply. Opt-out availa"
spam,"Last Chance! Claim ur ĺŁ150 worth of discount vouchers today! Text SHOP to 85023 now! SavaMob, offers mobile! T Cs SavaMob POBOX84, M263UZ. ĺŁ3.00 Sub. 16"
spam,FREE for 1st week! No1 Nokia tone 4 ur mobile every week just txt NOKIA to 8077 Get txting and tell ur mates. www.getzed.co.uk POBox 36504 W45WQ 16+ norm150p/tone
spam,You have won a guaranteed ĺŁ200 award or even ĺŁ1000 cashto claim UR award call free on 08000407165 (18+) 2 stop getstop on 88222 PHP. RG21 4JX
spam,Congratulations ur awarded either ĺŁ500 of CD gift vouchers & Free entry 2 our ĺŁ100 weekly draw txt MUSIC to 87066 TnCs www.Ldew.com1win150ppmx3age16
spam,"U were outbid by simonwatson5120 on the Shinco DVD Plyr. 2 bid again, visit sms. ac/smsrewards 2 end bid notifications, reply END OUT"
spam,"SMSSERVICES. for yourinclusive text credits, pls goto www.comuk.net login= 3qxj9 unsubscribe with STOP, no extra charge. help 08702840625.COMUK. 220-CM2 9AE"
spam,25p 4 alfie Moon's Children in need song on ur mob. Tell ur m8s. Txt Tone charity to 8007 for Nokias or Poly charity for polys: zed 08701417012 profit 2 charity.
spam,U have a secret admirer. REVEAL who thinks U R So special. Call 09065174042. To opt out Reply REVEAL STOP. 1.50 per msg recd. Cust care 07821230901
spam,"Dear Voucher Holder, To claim this weeks offer, at you PC please go to http://www.e-tlp.co.uk/expressoffer Ts&Cs apply. To stop texts, txt STOP to 80062"
spam,Do you want 750 anytime any network mins 150 text and a NEW VIDEO phone for only five pounds per week call 08002888812 or reply for delivery tomorrow
spam,We tried to contact you re our offer of New Video Phone 750 anytime any network mins HALF PRICE Rental camcorder call 08000930705 or reply for delivery Wed
spam,Last chance 2 claim ur ĺŁ150 worth of discount vouchers-Text YES to 85023 now!SavaMob-member offers mobile T Cs 08717898035. ĺŁ3.00 Sub. 16 . Remove txt X or STOP
spam,"Urgent! call 09066350750 from your landline. Your complimentary 4* Ibiza Holiday or 10,000 cash await collection SAE T&Cs PO BOX 434 SK3 8WP 150 ppm 18+ "
spam,"Today's Offer! Claim ur ĺŁ150 worth of discount vouchers! Text YES to 85023 now! SavaMob, member offers mobile! T Cs 08717898035. ĺŁ3.00 Sub. 16 . Unsub reply X"
spam,Talk sexy!! Make new friends or fall in love in the worlds most discreet text dating service. Just text VIP to 83110 and see who you could meet.
spam,Congratulations ur awarded either a yrs supply of CDs from Virgin Records or a Mystery Gift GUARANTEED Call 09061104283 Ts&Cs www.smsco.net ĺŁ1.50pm approx 3mins
spam,PRIVATE! Your 2003 Account Statement for 07808 XXXXXX shows 800 un-redeemed S. I. M. points. Call 08719899217 Identifier Code: 41685 Expires 07/11/04
ham,"If we hit it off, you can move in with me :)"
ham,excellent. I spent  &lt;#&gt;  years in the Air Force. Iraq and afghanistan. I am stable and honest. do you like traveling?
ham,I wanna watch that movie
ham,Ok lor thanx... ĚĎ in school?
ham,I'm in class. Did you get my text.
ham,The bus leaves at  &lt;#&gt; 
ham,God bless.get good sleep my dear...i will pray!
ham,Do have a nice day today. I love you so dearly.
ham,Aiyo a bit pai seh Ě_ noe... Scared he dun rem who i am then die... Hee... But he become better lookin oredi leh...
ham,"Aight, I'll ask a few of my roommates"
ham,"Now, whats your house # again ? And do you have any beer there ?"
ham,Do Ě_ all wan 2 meet up n combine all the parts? How's da rest of da project going?
ham,"\Getting tickets 4 walsall tue 6 th march. My mate is getting me them on sat. ill pay my treat. Want 2 go. Txt bak .Terry\"""""
ham,Yes we are chatting too.
ham,HI ITS JESS I DONT KNOW IF YOU ARE AT WORK BUT CALL ME WHEN U CAN IM AT HOME ALL EVE. XXX
ham,Sian... Aft meeting supervisor got work 2 do liao... U working now?
ham,Are you going to write ccna exam this week??
ham,Well i will watch shrek in 3D!!B)
ham,Am i that much dirty fellow?
ham,Dunno dat's wat he told me. Ok lor...
ham,I'll probably be by tomorrow (or even later tonight if something's going on)
ham,I couldn't say no as he is a dying man and I feel sad for him so I will go and I just wanted you to know I would probably be gone late into your night
ham,If you're thinking of lifting me one then no.
ham,Same as u... Dun wan... Y u dun like me already ah... Wat u doing now? Still eating?
ham,Sent me ur email id soon
ham,Wat makes some people dearer is not just de happiness dat u feel when u meet them but de pain u feel when u miss dem!!!
ham,"Dude. What's up. How Teresa. Hope you have been okay. When i didnt hear from these people, i called them and they had received the package since dec  &lt;#&gt; . Just thot you'ld like to know. Do have a fantastic year and all the best with your reading. Plus if you can really really Bam first aid for Usmle, then your work is done."
ham,Hey gorgeous man. My work mobile number is. Have a good one babe. Squishy Mwahs.
ham,May i call You later Pls
ham,That's the way you should stay oh.
ham,Hello- thanx for taking that call. I got a job! Starts on monday!
ham,What time is ur flight tmr?
ham,When should I come over?
ham,I have a rather prominent bite mark on my right cheek
ham,* Will be september by then!
ham,Are you wet right now?
ham,And how's your husband.
ham,Are we doing the norm tomorrow? I finish just a 4.15 cos of st tests. Need to sort library stuff out at some point tomo - got letter from today - access til end march so i better get move on!
ham,Yeah. I got a list with only u and Joanna if I'm feeling really anti social
ham,I am in your office na.
ham,"\Are you comingdown later?\"""""
ham,Super da:)good replacement for murali
ham,Da is good good player.why he is unsold.
ham,Hi. || Do u want | to join me with sts later? || Meeting them at five. || Call u after class.
ham,Its on in engalnd! But telly has decided it won't let me watch it and mia and elliot were kissing! Damn it!
ham,I dont want to hear philosophy. Just say what happen
ham,You got job in wipro:)you will get every thing in life in 2 or 3 years.
ham,Then cant get da laptop? My matric card wif Ě_ lei... 
ham,Dunno da next show aft 6 is 850. Toa payoh got 650.
ham,I just made some payments so dont have that much. Sorry. Would you want it fedex or the other way.
ham,They did't play one day last year know even though they have very good team.. Like india.
ham,K.:)you are the only girl waiting in reception ah?
ham,"Say this slowly.? GOD,I LOVE YOU &amp; I NEED YOU,CLEAN MY HEART WITH YOUR BLOOD.Send this to Ten special people &amp; u c miracle tomorrow, do it,pls,pls do it..."
ham,I hate when she does this. She turns what should be a fun shopping trip into an annoying day of how everything would look in her house.
ham,"Sir, i am waiting for your call."
ham,What's up. Do you want me to come online?
ham,"It could work, we'll reach a consensus at the next meeting"
ham,Aiyah then i wait lor. Then u entertain me. Hee...
ham,"The last thing i ever wanted to do was hurt you. And i didn't think it would have. You'd laugh, be embarassed, delete the tag and keep going. But as far as i knew, it wasn't even up. The fact that you even felt like i would do it to hurt you shows you really don't know me at all. It was messy wednesday, but it wasn't bad. The problem i have with it is you HAVE the time to clean it, but you choose not to. You skype, you take pictures, you sleep, you want to go out. I don't mind a few things here and there, but when you don't make the bed, when you throw laundry on top of it, when i can't have a friend in the house because i'm embarassed that there's underwear and bras strewn on the bed, pillows on the floor, that's something else. You used to be good about at least making the bed."
ham,I'll let you know when it kicks in
ham,You call him now ok i said call him
ham,Call to the number which is available in appointment. And ask to connect the call to waheed fathima.
ham,Or Ě_ go buy wif him then i meet Ě_ later can?
ham,Mmmm ... Fuck ... Not fair ! You know my weaknesses ! *grins* *pushes you to your knee's* *exposes my belly and pulls your head to it* Don't forget ... I know yours too *wicked smile*
ham,Today my system sh get ready.all is well and i am also in the deep well
ham,Mom wants to know where you at
ham,"Aight, I'll text you when I'm back"
ham,Dont know supports ass and srt i thnk. I think ps3 can play through usb too
ham,Oh ok i didnt know what you meant. Yep i am baby jontin
ham,Watching tv now. I got new job :)
ham,This pen thing is beyond a joke. Wont a Biro do? Don't do a masters as can't do this ever again! 
ham,I AM AT A PARTY WITH ALEX NICHOLS
ham,Just seeing your missed call my dear brother. Do have a gr8 day.
ham,Ok.. ĚĎ finishing soon?
ham,"Sorry, I can't help you on this."
ham,"Come to me, slave. Your doing it again ... Going into your shell and unconsciously avoiding me ... You are making me unhappy :-("
ham,I love your ass! Do you enjoy doggy style? :)
ham,I think asking for a gym is the excuse for lazy people. I jog.
ham,No. On the way home. So if not for the long dry spell the season would have been over
ham,I gotta collect da car at 6 lei.
ham,Ok but knackered. Just came home and went to sleep! Not good at this full time work lark.
ham,Probably earlier than that if the station's where I think it is
ham,Good Morning plz call me sir
ham,"Uh, heads up we don't have THAT much left"
ham,I tot u outside cos darren say u come shopping. Of course we nice wat. We jus went sim lim look at mp3 player.
ham,"Aight, sounds good. When do you want me to come down?"
ham,Wat would u like 4 ur birthday?
ham,I love working from home :)
ham,And miss vday the parachute and double coins??? U must not know me very well...
ham,"Sorry, I'll call later"
ham,My sister got placed in birla soft da:-)
ham,Wah... Okie okie... Muz make use of e unlimited... Haha... 
ham,"There're some people by mu, I'm at the table by lambda"
ham,And stop being an old man. You get to build snowman snow angels and snowball fights.
ham,ELLO BABE U OK?
ham,Hello beautiful r u ok? I've kinda ad a row wiv and he walked out the pub?? I wanted a night wiv u Miss u 
ham,Then u going ikea str aft dat?
ham,Becoz its  &lt;#&gt;  jan whn al the post ofice is in holiday so she cn go fr the post ofice...got it duffer
ham,Lol grr my mom is taking forever with my prescription. Pharmacy is like 2 minutes away. Ugh.
ham,For real tho this sucks. I can't even cook my whole electricity is out. And I'm hungry.
ham,You want to go? 
ham,Its not that time of the month nor mid of the time?
ham,Fffff. Can you text kadeem or are you too far gone
ham,We not leaving yet. Ok lor then we go elsewhere n eat. U thk...
ham,Is fujitsu s series lifebook good?
ham,Yar i wanted 2 scold u yest but late already... I where got zhong se qing you? If u ask me b4 he ask me then i'll go out w u all lor. N u still can act so real.
ham,Dont know you bring some food
ham,No current and food here. I am alone also
ham,I'll be in sch fr 4-6... I dun haf da book in sch... It's at home...
ham,Hello. They are going to the village pub at 8 so either come here or there accordingly. Ok?
ham,Ok
ham,We don call like  &lt;#&gt;  times oh. No give us hypertension oh.
ham,"Dont give a monkeys wot they think and i certainly don't mind. Any friend of mine&all that! Just don't sleep wiv , that wud be annoyin!"
ham,Omg it could snow here tonite!
ham,Carry on not disturbing both of you
ham,What pa tell me.. I went to bath:-)
ham,Jus finished avatar nigro
ham,R u over scratching it?
ham,Hope you are having a great day.
ham,Did either of you have any idea's? Do you know of anyplaces doing something?
ham,My planning usually stops at \find hella weed
ham,The fact that you're cleaning shows you know why i'm upset. Your priority is constantly \what i want to do
ham,Excellent! Are you ready to moan and scream in ecstasy?
ham,Dude avatar 3d was imp. At one point i thought there were actually flies in the room and almost tried hittng one as a reflex
ham,K...k:)why cant you come here and search job:)
ham,I got lousy sleep. I kept waking up every 2 hours to see if my cat wanted to come in. I worry about him when its cold :(
ham,"Yeah, I'll leave in a couple minutes &amp; let you know when I get to mu"
ham,Can Ě_ call me at 10:10 to make sure dat i've woken up...
ham,Hey we can go jazz power yoga hip hop kb and yogasana 
ham,The battery is for mr adewale my uncle. Aka Egbon
ham,I cant pick the phone right now. Pls send a message
ham,Wait 2 min..stand at bus stop
ham,Oh ic. I thought you meant mary jane.
ham,Haha... Really oh no... How? Then will they deduct your lesson tmr?
ham,Nah im goin 2 the wrks with j wot bout u?
ham,Then just eat a shit and wait for ur monkey face bitch.......... U asshole..................
ham,Good night. Am going to sleep.
ham,"Aight I'll grab something to eat too, text me when you're back at mu"
ham,K...k:)why cant you come here and search job:)
ham,Take something for pain. If it moves however to any side in the next 6hrs see a doctor.
ham,"Lol ... Oh no babe, I wont be sliding into your place after midnight, but thanks for the invite"
ham,Howz that persons story
ham,LOL that would be awesome payback.
ham,Yes :)it completely in out of form:)clark also utter waste.
ham,"Honeybee Said: *I'm d Sweetest in d World* God Laughed &amp; Said: *Wait,U Havnt Met d Person Reading This Msg* MORAL: Even GOD Can Crack Jokes! GM+GN+GE+GN:)"
ham,Thanks. It was only from tescos but quite nice. All gone now. Speak soon 
ham,What's a feathery bowa? Is that something guys have that I don't know about?
ham,Even i cant close my eyes you are in me our vava playing umma :-D
ham,2 laptop... I noe infra but too slow lar... I wan fast one
ham,Nvm it's ok...
ham,Enjoy ur life. . Good night
ham,Yes but can we meet in town cos will go to gep and then home. You could text at bus stop. And don't worry we'll have finished by march ‰Ű_ ish!
ham,I had askd u a question some hours before. Its answer
ham,Thats cool. Where should i cum? On you or in you? :)
ham,Delhi and chennai still silent.
ham,Lol alright i was thinkin that too haha
ham,No I'm in the same boat. Still here at my moms. Check me out on yo. I'm half naked.
ham,Shhhhh nobody is supposed to know!
ham,"Sorry, I'll call later"
ham,"Sorry, I'll call later in meeting any thing related to trade please call Arul. &lt;#&gt; "
ham,Hey i will be late... i'm at amk. Need to drink tea or coffee
ham,I wnt to buy a BMW car urgently..its vry urgent.but hv a shortage of  &lt;#&gt; Lacs.there is no source to arng dis amt. &lt;#&gt; lacs..thats my prob
ham,The length is e same but e top shorter n i got a fringe now. I thk i'm not going liao. Too lazy. Dun wan 2 distract u also.
ham,S..antha num corrct dane
ham,No calls..messages..missed calls
ham,"Sorry, I'll call later"
ham,The basket's gettin full so I might be by tonight
ham,HI DARLIN IVE JUST GOT BACK AND I HAD A REALLY NICE NIGHT AND THANKS SO MUCH FOR THE LIFT SEE U TOMORROW XXX
ham,No other Valentines huh? The proof is on your fb page. Ugh I'm so glad I really DIDN'T watch your rupaul show you TOOL!
ham,Eh den sat u book e kb liao huh...
ham,Have you been practising your curtsey?
ham,Shall i come to get pickle
ham,Lol boo I was hoping for a laugh
ham,\YEH I AM DEF UP4 SOMETHING SAT
ham,"Well, I have to leave for my class babe ... You never came back to me ... :-( ... Hope you have a nice sleep, my love"
ham,Hi! This is Roger from CL. How are you?
ham,Oh oh... Wasted... Den muz chiong on sat n sun liao...
ham,Jesus christ bitch I'm trying to give you drugs answer your fucking phone
